Title of,Therapeutic Effect,IMDb Rating,trailer,Stream free On,keyword
Stranger Than Fiction,Encourages self-discovery and embracing life's possibilities,7.9,https://www.youtube.com/watch?v=0iqZD-oTE7U,,possibilities
Whisper of the Heart,Inspires creativity and pursuing one's dreams,8.2,https://www.youtube.com/watch?v=0pVkiod6V0U,"Netflix ,Netflix Kids ,Netflix basic with Ads ,",creativity
Only Yesterday,Provides a heartwarming and introspective look at life's transitions,8.1,https://www.youtube.com/watch?v=5gSKk-wwLsY,"Netflix ,Netflix Kids ,Netflix basic with Ads ,",transitions
Her,Explores the complexities of human connection and emotions in a technological world,8.3,https://www.youtube.com/watch?v=dJTU48_yghs,,complexities
Lost in Translation,"Delve into the themes of loneliness, identity, and finding oneself in unfamiliar places",7.6,https://www.youtube.com/watch?v=W6iVPCRflQM,,loneliness
Lord of the Rings,Offers a grand and epic adventure that inspires hope and resilience,8.9,https://www.youtube.com/watch?v=V75dMMIW2B4,,resilience
Swiss Army Man,"Delivers a poignant and unexpected story of friendship, self-acceptance, and embracing the absurd",7.2,https://www.youtube.com/watch?v=yrK1f4TsQfM,"ArthouseCNMA ,Arthouse CNMA Amazon Channel ,Moviedome Plus Amazon Channel ,",acceptance
Manchester by the Sea,"Explores grief, loss, and finding strength in the face of adversity",7.8,https://www.youtube.com/watch?v=NxQmuJnrjxg,"Amazon Prime Video ,",face of adversity
Adaptation,"Examines the creative process, self-doubt, and the pursuit of artistic fulfillment",7.2,https://www.youtube.com/watch?v=uougMRq-MSo,,creative process
The Darjeeling Limited,"Embarks on a journey of self-reflection, healing, and sibling relationships",7.3,https://www.youtube.com/watch?v=aO1bYukdvLI,"Disney Plus ,",sibling
The Royal Tenenbaums,Offers a quirky and dysfunctional family saga with insights into human relationships,7.8,https://www.youtube.com/watch?v=caMgokYWboU,"Disney Plus ,",dysfunctional family
Garden State,"Explores mental health, identity, and finding solace in connection",6.9,https://www.youtube.com/watch?v=_CLzzUfDjUo,"RTL+ ,",solace
The Secret Life of Walter Mitty,"Encourages embracing imagination, pursuing life's passions, and living to the fullest",7.4,https://www.youtube.com/watch?v=QD6cy4PBQPI,"Disney Plus ,",passions
Ikiru,"Celebrates life, compassion, and making a positive impact on the world",8.2,https://www.youtube.com/watch?v=2VeLN3IDjzQ,"filmingo ,",compassion
NausicaÃ¤ of the Valley of the Wind,Provides a thought-provoking and environmentally conscious story of hope and resilience,8.1,https://www.youtube.com/watch?v=6zhLBe319KE,,resilience
Big Fish,"Explores the power of storytelling, family bonds, and embracing life's imperfections",7.9,https://www.youtube.com/watch?v=D0kiS4ROWkQ,,imperfections
Intouchables,"Delivers a heartwarming story of friendship, overcoming prejudice, and finding joy in life's unexpected moments",8.5,https://www.youtube.com/watch?v=34WIbmXkewU,,prejudice
Amelie,"Enchants with its whimsical charm, celebration of small joys, and finding beauty in everyday life",7.7,https://www.youtube.com/watch?v=Py7cDXQae2U,,joys
Marcel the Shell with Shoes On,Offers a heartwarming and insightful look at life and relationships through the eyes of an inquisitive shell,8.3,https://www.youtube.com/watch?v=k98Afd7Nf3Y,,shell
Eternal Sunshine of the Spotless Mind,"Explores memory, love, loss, and the complexities of human relationships",8.4,https://www.youtube.com/watch?v=07-QBnEkgXU,"Amazon Prime Video ,",human relationships
It's a Wonderful Life,"Encouragement, hope, resilience",8.7,https://www.youtube.com/watch?v=iLR3gZrU2Xo,"MagentaTV ,Joyn Plus ,",resilience
Birdy,"Empathy, understanding mental illness",7.9,https://www.youtube.com/watch?v=r69aRoIGGR8,,empathy
Everything Everywhere All at Once,"Embrace the chaos of life, find joy in the mundane",8.4,https://www.youtube.com/watch?v=wxN1T1uxQ2g,"Amazon Prime Video ,",embrace
Adaptation,"Overcoming writer's block, embracing unexpected twists",7.3,https://www.youtube.com/watch?v=uougMRq-MSo,,block
Clueless,"Self-acceptance, finding your own path",7.2,https://www.youtube.com/watch?v=Mgjwq1ZzdPQ,"WOW ,Sky Go ,Paramount Plus ,Paramount+ Amazon Channel ,Paramount Plus Apple TV Channel  ,",acceptance
Clerks,"Relatability, finding humor in everyday life",7.8,https://www.youtube.com/watch?v=Mlfn5n-E2WE,,everyday life
Juno,"Coming-of-age, making tough decisions",7.3,https://www.youtube.com/watch?v=K0SKf0K3bxg,"Disney Plus ,",making
Taxi Driver,"Explore themes of isolation, alienation, and violence",8.3,https://www.youtube.com/watch?v=UUxD4-dEzn0,"Netflix ,Netflix basic with Ads ,",explore themes
We Need to Talk About Kevin,Understanding the motivations of a troubled child,7.6,https://www.youtube.com/watch?v=Mmf42pkfgZw,,motivations
The Elephant Man,"Compassion, empathy for the marginalized",8.1,https://www.youtube.com/watch?v=AF9gNKJi79g,"Paramount Plus ,Amazon Arthaus Channel ,Paramount+ Amazon Channel ,Paramount Plus Apple TV Channel  ,",empathy
Leaving Las Vegas,"Embracing life's challenges, finding beauty in the darkest moments",7.8,https://www.youtube.com/watch?v=O4HrGa2-RLc,"Amazon Arthaus Channel ,",darkest
Inside Llewyn Davis,"Resilience in the face of hardship, finding meaning in music",7.3,https://www.youtube.com/watch?v=VuQ8pz-5WLY,"MagentaTV ,Amazon Arthaus Channel ,",resilience
Welcome to the Dollhouse,Understanding social awkwardness and bullying,6.4,https://www.youtube.com/watch?v=5U0QG3L6XsE,"Realeyz Amazon Channel ,",bullying
Joe Versus the Volcano,"Embracing the unknown, finding meaning in unexpected adventures",6.7,https://www.youtube.com/watch?v=cmQDIne3CLo,,adventures
One Hour Photo,"Empathy for the socially isolated, the power of human connection",6.8,https://www.youtube.com/watch?v=2gYXuURrLVA,"Disney Plus ,",empathy
The Big Lebowski,"Relaxation, embracing the absurd, finding humor in everyday life",8.1,https://www.youtube.com/watch?v=cd-go0oBF4Y,"MagentaTV ,",relaxation
Me and Earl and the Dying Girl,"Grief, loss, friendship, and finding hope in the face of adversity",7.3,https://www.youtube.com/watch?v=2qfmAllbYC8,,face of adversity
I'm Thinking of Ending Things Melancholia,"Dealing with existential anxieties, understanding the complexities of relationships",7.0,https://www.youtube.com/watch?v=FPkANZ9HGWE,,anxieties
Kiki's Delivery Service The Whale,"Embracing independence, pursuing c",7.8,https://www.youtube.com/watch?v=4OiMOHRDs14,,independence
Lars and the Real Girl,"Acceptance, embracing differences, and finding love in unexpected places",7.1,https://www.youtube.com/watch?v=XNcs9DrKYRU,,acceptance
Forgetting Sarah Marshall,"Healing from heartbreak, finding humor in pain",7.6,https://www.youtube.com/watch?v=K4xD8ZMdJms,,heartbreak
Reign Over Me Anomalisa,"Trauma, 1",7.0,https://www.youtube.com/watch?v=X6frLQWOSlQ,,trauma
Red Desert,"Isolation, alienation, and the search for meaning in life",7.8,https://www.youtube.com/watch?v=0uVPQG01JHk,"Amazon Arthaus Channel ,",search for meaning
Three Colors: Blue,"Grief, loss, and the struggle to find beauty in a world that has lost its color",7.9,https://www.youtube.com/watch?v=Hoh3SiB5Lmo,,grief
Winter Light,Loneliness despair and the hope of finding connection in a world that seems empty,7.9,https://www.youtube.com/watch?v=S_ihGR6Wung,"Amazon Arthaus Channel ,",hope of finding
Man on Fire,"Revenge, justice, and the power of redemption",7.3,https://www.youtube.com/watch?v=eDDh50B6kA4,"Disney Plus ,",redemption
Prozac Nation,"Depression, finding hope and healing in the midst of darkness",7.3,https://www.youtube.com/watch?v=bySRYD9FWgs,,midst
Wristcutters: A Love Story,"Grief, loss, and finding hope in the afterlife",7.3,https://www.youtube.com/watch?v=H1xRtrKq1kc,"Amazon Prime Video ,",afterlife
Silver Linings Playbook,"Mental illness, finding love and hope in the midst of challenges",7.8,https://www.youtube.com/watch?v=kVS-6k2tQAA,"Joyn Plus ,",mental illness
Revolutionary Road,"Marriage, dreams, and the struggle to find happiness in a world that doesn't seem to allow it",7.5,https://www.youtube.com/watch?v=WGS9M6uiOW4,"Paramount Plus ,Paramount+ Amazon Channel ,Paramount Plus Apple TV Channel  ,",happiness
Ghost World,"Loneliness, alienation, and the search for belonging",7.3,https://www.youtube.com/watch?v=juzGS-GN79M,"Amazon Prime Video ,",alienation
Little Miss Sunshine,"Family, acceptance, and the power of finding joy in the midst of challenges",7.9,https://www.youtube.com/watch?v=wvwVkllXT80,"Disney Plus ,",midst
Stay,"Mental illness, grief, and the search for hope in the face of darkness",7.1,https://www.youtube.com/watch?v=Pyb9AQqODeg,"Disney Plus ,",mental illness
Groundhog Day,"Embracing repetition, finding meaning in the mundane",8.0,https://www.youtube.com/watch?v=GncQtURdcE4,"Netflix ,Netflix basic with Ads ,",repetition
Taste of Cherry,"Dealing with existentialism, finding hope in the face of death",7.8,https://www.youtube.com/watch?v=550uwQQeNeo,"MUBI ,MUBI Amazon Channel ,",existentialism
Oslo August 31 st,"Escaping from reality, finding solace in nature",7.7,https://www.youtube.com/watch?v=0QpTqYoEzto,,solace
An Elephant Sitting Still,"Understanding the power of connection, finding meaning in life",7.5,https://www.youtube.com/watch?v=om6xGJ4S3LY,,finding
After Life,"Reconnecting with the past, finding beauty in the present",7.9,https://www.youtube.com/watch?v=eIGGKSHMQOM,"Netflix ,Netflix basic with Ads ,",beauty
Dead Poets Society,"Embracing creativity, finding the courage to follow your dreams",8.1,https://www.youtube.com/watch?v=ye4KFyWu2do,"Disney Plus ,",creativity
The Virgin Suicides,"Understanding the complexities of teenage life, finding beauty in youth",7.3,https://www.youtube.com/watch?v=fbz4-du3Ayg,,complexities
"Girl, Interrupted","Overcoming mental illness, finding strength in vulnerability",7.4,https://www.youtube.com/watch?v=qHeqq6b6Vtw,,mental illness
Ordinary People,"Dealing with grief, finding hope in the healing process",7.8,https://www.youtube.com/watch?v=HQKEdiQ79OM,"Paramount+ Amazon Channel ,Paramount Plus Apple TV Channel  ,",healing process
Harold and Maude,"Embracing life, finding joy in the unexpected",7.0,https://www.youtube.com/watch?v=_ckWTn-y5Rw,"Amazon Arthaus Channel ,",joy
It's Such a Beautiful Day,"Understanding the complexities of mental illness, finding hope in the midst of darkness",7.8,https://www.youtube.com/watch?v=Mkbi9WKCGNY,,complexities
Last Life in the Universe,"Embracing solitude, finding meaning in the quiet moments",7.5,https://www.youtube.com/watch?v=srpBZQIDsG8,,solitude
The Seventh Continent,"Dealing with suicide, finding closure in loss",7.8,https://www.youtube.com/watch?v=tD-D1IVV8F4,,closure
"Synecdoche, New York","Confronting mortality, finding meaning in life's imperfections",7.2,https://www.youtube.com/watch?v=i2q8F0yRmrs,,imperfections
Shrek 2,"Finding acceptance, embracing who you are",7.5,https://www.youtube.com/watch?v=xBgSfhp5Fxo,"Netflix ,Netflix Kids ,Joyn Plus ,Netflix basic with Ads ,",acceptance
A Knight's Tale,"Following your dreams, finding courage in the face of adversity",7.2,https://www.youtube.com/watch?v=_KzsTKqTq1M,"Joyn Plus ,",adversity
Rice Boy Sleeps,Finding peace in the world,7.5,https://www.youtube.com/watch?v=MbUl5Gx0E2s,,finding
American Beauty,"Understanding the complexities of suburban life, finding beauty in the mundane",7.8,https://www.youtube.com/watch?v=Ly7rq5EsTC8,"Paramount Plus ,Amazon Arthaus Channel ,Paramount+ Amazon Channel ,Paramount Plus Apple TV Channel  ,",suburban life
Fried Green Tomatoes,"Embracing friendship, finding strength in unlikely bonds",7.4,https://www.youtube.com/watch?v=o5hb5mc-dfI,,bonds
Into the Wild,"Escaping from expectations, finding meaning in personal fulfillment",7.9,https://www.youtube.com/watch?v=XZG1FzyB8DI,"Netflix ,ArthouseCNMA ,Arthouse CNMA Amazon Channel ,Netflix basic with Ads ,",fulfillment
Tilsammans,"Embracing community, finding happiness in simple pleasures",7.7,https://www.youtube.com/watch?v=tD7Wv1q-S18,,happiness
Chocolat,"Finding joy in unexpected places, embracing the power of community",7.2,https://www.youtube.com/watch?v=692hOJq1KJE,,joy
Sommer in orange,"Overcoming societal expectations, finding happiness in self-acceptance",6.9,https://www.youtube.com/watch?v=n6Ie03hNJeE,,societal expectations
Its Kind of a Funny Story,"Dealing with depression, finding hope and humor in dark times",7.1,https://www.youtube.com/watch?v=uXU3BDvq-sQ,,humor
The Perks of Being a Wallflower,"Understanding the complexities of teenage life, finding solace in connection",7.6,https://www.youtube.com/watch?v=n5rh7O4IDc0,"Cinema of Hearts Amazon Channel ,",solace
Inside Out,"Understanding emotions, finding balance in the face of life's challenges",8.8,https://www.youtube.com/watch?v=yRUAzGQ3nSY,"Disney Plus ,",emotions
Silver Linings Playbook,"Dealing with mental illness, finding hope and love in the face of adversity",7.7,https://www.youtube.com/watch?v=kVS-6k2tQAA,"Joyn Plus ,",face of adversity
The King's Speech,"Overcoming personal challenges, finding the courage to face one's fears",7.6,https://www.youtube.com/watch?v=EcxBrTvLbBM,"Amazon Prime Video ,MUBI ,MUBI Amazon Channel ,Moviedome Plus Amazon Channel ,",courage
The Pursuit of Happyness,"Embracing resilience, finding hope in the face of adversity",7.6,https://www.youtube.com/watch?v=DMOBlEcRuw8,"MagentaTV ,Filmlegenden Amazon Channel ,",face of adversity
Good Will Hunting,"Overcoming personal struggles, finding the power of self-belief",8.3,https://www.youtube.com/watch?v=ReIJ1lbL-Q8,"Amazon Arthaus Channel ,Paramount Plus Apple TV Channel  ,",personal struggles
Life of Pi,"Dealing with loss and trauma, finding hope and resilience in the face of adversity",7.7,https://www.youtube.com/watch?v=3mMN693-F3U,"Disney Plus ,",face of adversity
A Beautiful Mind,"Overcoming mental illness, finding the power of the mind",7.5,https://www.youtube.com/watch?v=EajIlG_OCvw,"Paramount Plus ,MagentaTV ,Paramount+ Amazon Channel ,Paramount Plus Apple TV Channel  ,",mental illness
The Soloist,"Finding hope and redemption, overcoming personal struggles",7.3,https://www.youtube.com/watch?v=nCo9VIzYF9c,"Amazon Arthaus Channel ,",personal struggles
The Shawshank Redemption,Finding Hope and Redemption in the face of adversity,9.3,https://www.youtube.com/watch?v=PLl99DlL6b4,"WOW ,Sky Go ,",face of adversity
The Lion King Forrest Gump,"Facing one's fears, finding courage and growth",8.8,https://www.youtube.com/watch?v=un7a-i6pTS4,,courage
The Matrix,"Exploring reality, finding freedom i",8.7,https://www.youtube.com/watch?v=vKQi3bBA1y8,"Netflix ,Netflix basic with Ads ,",reality
The Lord of the Rings,"Embracing friendship, finding courage in the face of adversity",8.9,https://www.youtube.com/watch?v=x8UAUAuKNcU,,adversity
The Truman Show,"Understanding the importance of authenticity, finding the courage to break free from societal expectations",7.4,https://www.youtube.com/watch?v=dlnmQbPGuls,"Paramount Plus Apple TV Channel  ,",societal expectations
The Blind Side,"Embracing diversity, finding acceptance and love in unexpected places",7.7,https://www.youtube.com/watch?v=gvqj_Tk_kuM,"Netflix ,RTL+ ,Netflix basic with Ads ,",acceptance
The,"Overcoming prejudice, finding friendship and",8.1,https://www.youtube.com/watch?v=vWGsvzneaXY,,prejudice
Intouchables,,,https://www.youtube.com/watch?v=34WIbmXkewU,,
The Help,"Confronting racism, finding strength in unity and shared experiences",8.1,https://www.youtube.com/watch?v=XOTkNsxhECY,"Disney Plus ,",shared experiences
The Polar Express,"Embracing the imagination, finding wonder and joy in the ordinary",7.5,https://www.youtube.com/watch?v=TQhRqtt-Fpo,"Amazon Prime Video ,RTL+ ,",imagination
Get Out,"Confronting racism, finding strength in resistance and self-awareness",7.8,https://www.youtube.com/watch?v=DzfpyUB60YY,,racism
Soul,"Exploring the meaning of life, finding purpose in the connections we make",8.8,https://www.youtube.com/watch?v=xOsLIiBStEs,"Disney Plus ,",meaning of life
Pan's Labyrinth,"Confronting childhood trauma, finding hope and resilience in the face of darkness",8.2,https://www.youtube.com/watch?v=jVZRnnVSQ8k,,childhood trauma
The Soloist,"Overcoming mental illness, finding hope and redemption",7.3,https://www.youtube.com/watch?v=nCo9VIzYF9c,"Amazon Arthaus Channel ,",mental illness
The Shawshank,Finding hope and redemption in the face of adversity,9.3,https://www.youtube.com/watch?v=PLl99DlL6b4,,face of adversity
Redemption,,,https://www.youtube.com/watch?v=82XwtyTU_1k,"Filmtastic ,Superfresh Amazon Channel ,",
A Single Man,"Dealing with grief, finding solace in self-acceptance",7.6,https://www.youtube.com/watch?v=Ell2a6o_6lY,,solace
"Synecdoche, New York","Confronting mortality, finding meaning in life's imperfections",7.2,https://www.youtube.com/watch?v=i2q8F0yRmrs,,imperfections
"Two Days, One Night","Finding hope in the face of despair, embracing the power of human connection",7.4,https://www.youtube.com/watch?v=Tb3zBq6gVRk,,despair
The Hours,"Exploring themes of love, loss, and identity, finding strength in resilience",7.4,https://www.youtube.com/watch?v=CkPWXUxIiXs,,themes of love
The Skeleton Twins,"Navigating the complexities of family relationships, finding forgiveness and healing",7.4,https://www.youtube.com/watch?v=ll0pjiOjSiU,,family relationships
Life is Beautiful,"Finding hope and humor in the darkest of times, celebrating the power of love and family",8.6,https://www.youtube.com/watch?v=8CTjcVr9Iao,,power of love
It's a Wonderful Life,"Encouragement, hope, resilience",8.7,https://www.youtube.com/watch?v=iLR3gZrU2Xo,"MagentaTV ,Joyn Plus ,",resilience
Slumdog Millionaire,Finding hope and redemption in the face of poverty and hardship,8.0,https://www.youtube.com/watch?v=AIzbwV7on6Q,"MagentaTV ,Joyn Plus ,Amazon Arthaus Channel ,",hardship
The Sound of Music,"Overcoming adversity, finding hope and joy in music and family",7.8,https://www.youtube.com/watch?v=UY6uw3WpPzY,"Disney Plus ,",adversity
Wonder,"Embracing individuality, finding strength in self-acceptance",7.3,https://www.youtube.com/watch?v=Ob7fPOzbmzE,"Joyn Plus ,Studiocanal Presents ALLSTARS Amazon Channel ,",individuality
Hidden Figures,"Inspiring story of women overcoming racial and gender barriers, finding success and recognition",7.9,https://www.youtube.com/watch?v=5wfrDhgUMGI,"Disney Plus ,",racial and gender
